0,6.6428,7.8761,20.515
0.020044,6.6258,7.8764,20.515
0.039998,6.6093,7.8767,20.515
0.060121,6.5933,7.8769,20.515
0.080037,6.577,7.8771,20.515
0.10008,6.5606,7.8773,19.409
0.12005,6.5435,7.8774,19.409
0.14024,6.5269,7.8776,19.409
0.16019,6.5094,7.8776,19.409
0.18005,6.4922,7.8776,19.409
0.20006,6.4755,7.8776,19.409
0.22006,6.4586,7.8775,28.08
0.24006,6.4421,7.8775,28.08
0.26011,6.4259,7.8772,28.08
0.28007,6.4086,7.877,28.08
0.30022,6.3918,7.8768,28.08
0.3202,6.3745,7.8766,28.08
0.34007,6.3577,7.8763,21.8
0.36029,6.3412,7.8758,21.8
0.38013,6.3236,7.8754,21.8
0.40023,6.306,7.875,21.8
0.42022,6.2888,7.8744,21.8
0.44013,6.2708,7.8739,18.652
0.46044,6.2532,7.8732,18.652
0.48004,6.2359,7.8725,18.652
0.50016,6.218,7.8718,18.652
0.52007,6.2005,7.871,18.652
0.54021,6.1822,7.8702,18.652
0.5603,6.1643,7.8692,21.2
0.58034,6.1467,7.8682,21.2
0.6003,6.1286,7.8672,21.2
0.6203,6.1108,7.8661,21.2
0.64032,6.0926,7.865,21.2
0.66012,6.0747,7.8637,21.2
0.68027,6.0572,7.8625,22.622
0.70028,6.0389,7.8612,22.622
0.72029,6.021,7.8598,22.622
0.74028,6.0024,7.8584,22.622
0.7603,5.9842,7.8569,22.622
0.78008,5.9663,7.8554,22.622
0.80006,5.9485,7.854,21.099
0.82009,5.9302,7.8522,21.099
0.84008,5.9123,7.8504,21.099
0.86006,5.8947,7.8486,21.099
0.88046,5.8764,7.8468,21.099
0.90026,5.8585,7.8447,21.84
0.92005,5.8402,7.8427,21.84
0.94002,5.8222,7.8405,21.84
0.96027,5.8037,7.8383,21.84
0.98008,5.7856,7.8362,21.84
1.0003,5.7677,7.8339,21.84
1.0201,5.7494,7.8315,21.776
1.0401,5.7313,7.8291,21.776
1.0601,5.7134,7.8266,21.776
1.0801,5.6952,7.8241,21.776
1.1001,5.6772,7.8214,21.776
1.1202,5.6593,7.8187,21.776
1.1401,5.6415,7.8158,21.81
1.1604,5.6241,7.813,21.81
1.1801,5.6065,7.8102,21.81
1.2004,5.5891,7.8072,21.81
1.2201,5.5713,7.8041,21.81
1.2401,5.5533,7.801,21.773
1.2603,5.5356,7.7978,21.773
1.2801,5.5181,7.7946,21.773
1.3001,5.5001,7.7912,21.773
1.3201,5.4823,7.7878,21.773
1.3401,5.4645,7.7842,21.773
1.3601,5.4469,7.7807,21.581
1.3804,5.4295,7.7773,21.581
1.4003,5.4119,7.7735,21.581
1.4204,5.3945,7.7698,21.581
1.4401,5.3769,7.7658,21.581
1.4604,5.3596,7.7619,21.581
1.4801,5.3274,7.758,20.611
1.5002,5.2949,7.7542,20.611
1.5202,5.262,7.7504,20.611
1.5403,5.2295,7.7463,20.611
1.5604,5.1971,7.742,20.611
1.5802,5.1648,7.7377,19.905
1.6001,5.1325,7.7335,19.905
1.6201,5.0998,7.729,19.905
1.6403,5.0676,7.7245,19.905
1.6601,5.0349,7.7198,19.905
1.6801,5.0024,7.7152,19.905
1.7007,4.9698,7.7107,23.513
1.7201,4.937,7.7059,23.513
1.7404,4.9046,7.701,23.513
1.7603,4.8726,7.696,23.513
1.7801,4.8405,7.6911,23.513
1.8002,4.8083,7.6862,23.513
1.8201,4.7763,7.681,21.469
1.8404,4.7443,7.6759,21.469
1.8602,4.713,7.6707,21.469
1.8802,4.6816,7.6654,21.469
1.9004,4.6501,7.6602,21.469
1.9201,4.6186,7.6549,21.121
1.9404,4.5872,7.6495,21.121
1.9602,4.5564,7.644,21.121
1.9801,4.5259,7.6385,21.121
2.0001,4.4955,7.6331,21.121
2.0201,4.4651,7.6274,21.121
2.0407,4.4353,7.6218,25.12
2.0605,4.4056,7.6161,25.12
2.0801,4.3758,7.6105,25.12
2.1004,4.346,7.6048,25.12
2.1201,4.3166,7.5991,25.12
2.1404,4.2872,7.5931,25.12
2.1602,4.2583,7.5872,20.019
2.1806,4.2297,7.5814,20.019
2.2004,4.2013,7.5754,20.019
2.2201,4.1729,7.5695,20.019
2.2403,4.145,7.5637,20.019
2.2603,4.1171,7.5578,20.055
2.2801,4.0896,7.552,20.055
2.3002,4.0621,7.546,20.055
2.3201,4.0348,7.5398,20.055
2.3402,4.0081,7.5336,20.055
2.3604,3.9814,7.5272,20.055
2.3804,3.9552,7.5209,21.052
2.4004,3.929,7.5147,21.052
2.4204,3.9028,7.5083,21.052
2.4404,3.8769,7.502,21.052
2.4604,3.8517,7.4955,21.052
2.4802,3.8266,7.489,20.685
2.5004,3.8016,7.4827,20.685
2.5204,3.7769,7.4763,20.685
2.5401,3.7522,7.4697,20.685
2.5602,3.7282,7.4632,20.685
2.5801,3.7041,7.4568,20.685
2.6004,3.6801,7.4502,20.828
2.6202,3.6566,7.4437,20.828
2.6402,3.6333,7.4371,20.828
2.6603,3.6104,7.4306,20.828
2.6805,3.5875,7.4241,20.828
2.7003,3.5646,7.4175,20.828
2.7204,3.5423,7.4111,20.779
2.7402,3.5201,7.4046,20.779
2.7603,3.4985,7.3981,20.779
2.7802,3.477,7.3916,20.779
2.8002,3.4554,7.3852,20.779
2.8203,3.4345,7.3788,21.182
2.8402,3.4136,7.3725,21.182
2.8604,3.3934,7.3661,21.182
2.8805,3.3732,7.3598,21.182
2.9005,3.3531,7.3534,21.182
2.9202,3.3331,7.3472,21.182
2.9404,3.3136,7.3409,22.175
2.9603,3.2948,7.3346,22.175
2.9805,3.276,7.3284,22.175
3.0004,3.2572,7.3222,22.175
3.0203,3.2387,7.316,22.175
3.0402,3.2205,7.3099,20.102
3.0602,3.2029,7.3038,20.102
3.0803,3.1853,7.2977,20.102
3.1002,3.1686,7.2916,20.102
3.1203,3.1518,7.2855,20.102
3.1404,3.135,7.2795,20.102
3.1602,3.1186,7.2735,22.241
3.1804,3.1022,7.2675,22.241
3.2003,3.0858,7.2617,22.241
3.2204,3.0703,7.2557,22.241
3.2402,3.0549,7.2498,22.241
3.2604,3.0399,7.2441,22.241
3.2804,3.0249,7.2383,20.103
3.3002,3.0099,7.2325,20.103
3.3204,2.9959,7.2267,20.103
3.3403,2.9821,7.2209,20.103
3.3602,2.9683,7.2152,20.103
3.3804,2.9553,7.2096,19.875
3.4003,2.9423,7.204,19.875
3.4202,2.9294,7.1984,19.875
3.4406,2.9171,7.1928,19.875
3.4602,2.9048,7.1873,19.875
3.4803,2.8933,7.1818,19.875
3.5002,2.8818,7.1763,22.008
3.5202,2.8703,7.1707,22.008
3.5403,2.8596,7.1653,22.008
3.5604,2.8488,7.1598,22.008
3.5803,2.8386,7.1544,22.008
3.6005,2.8285,7.1491,22.008
3.6203,2.8184,7.1437,23.85
3.6402,2.8092,7.1383,23.85
3.6604,2.7999,7.133,23.85
3.6802,2.7914,7.1277,23.85
3.7004,2.7831,7.1225,23.85
3.7202,2.7747,7.1173,20.693
3.7403,2.7667,7.112,20.693
3.7605,2.7592,7.1068,20.693
3.7802,2.7517,7.1016,20.693
3.8005,2.7444,7.0965,20.693
3.8202,2.7379,7.0915,20.693
3.8402,2.7314,7.0864,20.106
3.8604,2.7255,7.0813,20.106
3.8802,2.7196,7.0763,20.106
3.9004,2.7146,7.0713,20.106
3.9205,2.7095,7.0664,20.106
3.9402,2.7047,7.0615,19.102
3.9605,2.7004,7.0565,19.102
3.9802,2.6963,7.0516,19.102
4.0005,2.6924,7.0467,19.102
4.0204,2.6891,7.0418,19.102
4.0402,2.6859,7.037,19.102
4.0603,2.683,7.0322,20.76
4.0804,2.6801,7.0274,20.76
4.1002,2.6775,7.0227,20.76
4.1202,2.6752,7.018,20.76
4.1402,2.6732,7.0133,20.76
4.1605,2.6718,7.0087,20.76
4.1802,2.6708,7.0041,21.096
4.2005,2.6699,6.9995,21.096
4.2202,2.6691,6.9949,21.096
4.2406,2.6691,6.9904,21.096
4.2603,2.6691,6.9859,21.096
4.2804,2.6695,6.9814,20.638
4.3002,2.67,6.977,20.638
4.3202,2.6705,6.9726,20.638
4.3403,2.6716,6.9682,20.638
4.3605,2.6727,6.9619,20.638
4.3802,2.6742,6.9556,20.638
4.4002,2.6758,6.9493,20.349
4.4203,2.6773,6.943,20.349
4.4403,2.6791,6.9366,20.349
4.4605,2.6815,6.9302,20.349
4.4804,2.6839,6.9238,20.349
4.5002,2.6863,6.9175,20.349
4.5204,2.6897,6.9111,22.927
4.5403,2.6931,6.9046,22.927
4.5606,2.6969,6.8982,22.927
4.5802,2.7008,6.8918,22.927
4.6005,2.7046,6.8853,22.927
4.6203,2.7088,6.8789,21.419
4.6403,2.713,6.8724,21.419
4.6603,2.7176,6.8659,21.419
4.6802,2.7221,6.8594,21.419
4.7002,2.7267,6.8529,21.419
4.7205,2.7314,6.8464,21.419
4.7405,2.7362,6.8398,20.103
4.7607,2.7413,6.8333,20.103
4.7803,2.7463,6.8268,20.103
4.8003,2.7513,6.8202,20.103
4.8202,2.7565,6.8137,20.103
4.8406,2.7618,6.8071,20.727
4.8602,2.7672,6.8006,20.727
4.8802,2.7726,6.794,20.727
4.9006,2.778,6.7875,20.727
4.9206,2.7835,6.7809,20.727
4.9403,2.789,6.7743,20.727
4.9605,2.7946,6.7678,23.347
4.9805,2.8001,6.7612,23.347
5.0005,2.8057,6.7547,23.347
5.0205,2.8114,6.7482,23.347
5.0403,2.817,6.7416,23.347
5.0605,2.8229,6.7351,23.347
5.0803,2.8287,6.7286,19.689
5.1003,2.8345,6.7221,19.689
5.1202,2.8404,6.7156,19.689
5.1404,2.8463,6.7091,19.689
5.1603,2.8522,6.7026,19.689
5.1803,2.8583,6.6961,21.538
5.2006,2.8643,6.6897,21.538
5.2202,2.8705,6.6833,21.538
5.2406,2.8767,6.6768,21.538
5.2606,2.8829,6.6704,21.538
5.2803,2.8892,6.664,21.538
5.3004,2.8954,6.6577,23.206
5.3206,2.9017,6.6513,23.206
5.3403,2.9082,6.645,23.206
5.3603,2.9146,6.6387,23.206
5.3803,2.9211,6.6325,23.206
5.4006,2.9277,6.6262,23.206
5.4203,2.9343,6.62,19.444
5.4406,2.941,6.6138,19.444
5.4606,2.9478,6.6076,19.444
5.4806,2.9546,6.6015,19.444
5.5004,2.9615,6.5954,19.444
5.5206,2.9684,6.5893,26.425
5.5402,2.9754,6.5833,26.425
5.5605,2.9825,6.5773,26.425
5.5804,2.9896,6.5713,26.425
5.6003,2.9967,6.5653,26.425
5.6206,3.0039,6.5594,26.425
5.6404,3.0113,6.5536,22.283
5.6607,3.0187,6.5478,22.283
5.6803,3.026,6.542,22.283
5.7005,3.0335,6.5363,22.283
5.7206,3.041,6.5305,22.283
5.7405,3.0487,6.5249,22.283
5.7603,3.0564,6.5192,24.137
5.7804,3.0641,6.5136,24.137
5.8002,3.072,6.5081,24.137
5.8202,3.0799,6.5026,24.137
5.8403,3.088,6.4972,24.137
5.8604,3.0961,6.4918,24.137
5.8805,3.1041,6.4866,24.606
5.9003,3.1124,6.4813,24.606
5.9204,3.1206,6.476,24.606
5.9403,3.129,6.4709,24.606
5.9608,3.1376,6.4658,24.606
5.9805,3.1462,6.4607,20.225
6.0003,3.1548,6.4557,20.225
6.0203,3.1635,6.4507,20.225
6.0403,3.1722,6.4458,20.225
6.0603,3.1811,6.4409,20.225
6.0804,3.1901,6.436,20.225
6.1003,3.199,6.4312,19.889
6.1203,3.2081,6.4263,19.889
6.1408,3.2172,6.4217,19.889
6.1605,3.2265,6.4172,19.889
6.1804,3.2358,6.4127,19.889
6.2003,3.2453,6.4082,23.029
6.2205,3.2547,6.4039,23.029
6.2403,3.2643,6.3996,23.029
6.2603,3.2739,6.3954,23.029
6.2803,3.2835,6.3913,23.029
6.3003,3.2933,6.3871,23.029
6.3203,3.3032,6.3831,23.91
6.3406,3.3132,6.3791,23.91
6.3604,3.3234,6.3753,23.91
6.3803,3.3336,6.3715,23.91
6.4005,3.3438,6.3677,23.91
6.4206,3.354,6.3639,23.91
6.4403,3.3641,6.3605,23.646
6.4606,3.3739,6.357,23.646
6.4802,3.3836,6.3535,23.646
6.5004,3.3933,6.3501,23.646
6.5205,3.4037,6.3467,23.646
6.5404,3.4139,6.3436,23.646
6.5604,3.4238,6.3405,21.194
6.5807,3.4336,6.3374,21.194
6.6003,3.4434,6.3344,21.194
6.6203,3.4531,6.3314,21.194
6.6406,3.4625,6.3287,21.194
6.6606,3.4718,6.326,20.346
6.6804,3.4809,6.3232,20.346
6.7003,3.49,6.3206,20.346
6.7204,3.499,6.318,20.346
6.7404,3.5077,6.3156,20.346
6.7605,3.5164,6.3131,20.346
6.7805,3.5249,6.3107,19.735
6.8003,3.5335,6.3083,19.735
6.8205,3.542,6.3063,19.735
6.8406,3.5501,6.3042,19.735
6.8607,3.5582,6.3022,19.735
6.8803,3.5662,6.3004,20.087
6.9003,3.5741,6.2986,20.087
6.9207,3.5819,6.2968,20.087
6.9406,3.5895,6.295,20.087
6.9609,3.5971,6.293,20.087
6.9806,3.6045,6.2911,20.087
7.0006,3.6118,6.2892,22.591
7.0203,3.6191,6.2872,22.591
7.0407,3.6262,6.2851,22.591
7.0608,3.6332,6.2829,22.591
7.0807,3.6401,6.2807,22.591
7.1007,3.647,6.2786,22.591
7.1204,3.6538,6.2764,22.831
7.1404,3.6604,6.2741,22.831
7.1604,3.6671,6.2717,22.831
7.1803,3.6736,6.2694,22.831
7.2005,3.6801,6.2671,22.831
7.2204,3.6866,6.2648,19.856
7.2405,3.6929,6.2624,19.856
7.2611,3.6993,6.26,19.856
7.2807,3.7056,6.2577,19.856
7.3003,3.7118,6.2552,19.856
7.3204,3.7181,6.2526,19.856
7.3403,3.7242,6.25,22.742
7.3604,3.7304,6.2475,22.742
7.3809,3.7365,6.2449,22.742
7.4003,3.7425,6.2423,22.742
7.4204,3.7486,6.2396,22.742
7.4403,3.7545,6.2369,22.742
7.4604,3.7599,6.234,21.469
7.4803,3.7651,6.2312,21.469
7.5003,3.7703,6.2283,21.469
7.5207,3.7746,6.2255,21.469
7.5404,3.7789,6.2226,21.469
7.5605,3.7831,6.2196,19.98
7.5805,3.7873,6.2166,19.98
7.6004,3.7914,6.2135,19.98
7.6203,3.7955,6.2105,19.98
7.6403,3.7996,6.2074,19.98
7.6608,3.8036,6.2042,19.98
7.6805,3.8076,6.201,25.613
7.7004,3.8115,6.1979,25.613
7.7203,3.8154,6.1946,25.613
7.7403,3.8194,6.1914,25.613
7.7608,3.8232,6.188,25.613
7.7803,3.8271,6.1846,25.613
7.8007,3.8308,6.1813,21.68
7.8204,3.8345,6.1779,21.68
7.8405,3.8383,6.1745,21.68
7.8605,3.8419,6.1709,21.68
7.8803,3.8456,6.1675,21.68
7.9004,3.8492,6.1639,21.876
7.9208,3.8528,6.1603,21.876
7.9406,3.8563,6.1568,21.876
7.9607,3.8599,6.1532,21.876
7.9808,3.8634,6.1496,21.876
8.0008,3.8667,6.1459,21.876
8.0204,3.8701,6.1422,22.042
8.0406,3.8734,6.1384,22.042
8.0606,3.8766,6.1346,22.042
8.0803,3.8799,6.1309,22.042
8.1003,3.8831,6.127,22.042
8.1207,3.8871,6.1231,22.042
8.1407,3.8912,6.1192,21.568
8.1608,3.895,6.1152,21.568
8.1807,3.8989,6.1112,21.568
8.2007,3.9027,6.1071,21.568
8.2205,3.9065,6.1031,21.568
8.2404,3.9104,6.099,20.987
8.2604,3.9141,6.0949,20.987
8.2804,3.9177,6.0907,20.987
8.3005,3.9212,6.0865,20.987
8.3207,3.9239,6.0823,20.987
8.3404,3.9265,6.078,20.987
8.3604,3.929,6.0737,21.11
8.3805,3.9313,6.0695,21.11
8.4005,3.9337,6.0652,21.11
8.4204,3.936,6.0609,21.11
8.4407,3.9382,6.0566,21.11
8.4605,3.9404,6.0588,21.11
8.4804,3.9424,6.0544,21.11
8.5007,3.9443,6.05,21.11
8.5205,3.9463,6.0455,21.11
8.5407,3.9482,6.041,21.11
8.5607,3.95,6.0365,21.11
8.5807,3.9516,6.032,19.913
8.6004,3.9533,6.0275,19.913
8.6206,3.9549,6.0229,19.913
8.6406,3.9563,6.0184,19.913
8.6608,3.9578,6.0137,19.913
8.6808,3.959,6.0092,19.913
8.7008,3.9603,6.0046,23.285
8.7204,3.9624,6,23.285
8.7406,3.9643,5.9954,23.285
8.7605,3.9662,5.9907,23.285
8.7803,3.9679,5.9861,23.285
8.8004,3.9696,5.9815,19.361
8.8205,3.9713,5.9767,19.361
8.8405,3.9728,5.9721,19.361
8.8606,3.9743,5.9674,19.361
8.8804,3.9756,5.9627,19.361
8.9005,3.9767,5.958,19.361
8.9206,3.9769,5.9533,20.23
8.9404,3.9771,5.9486,20.23
8.9608,3.9772,5.9439,20.23
8.9805,3.9773,5.9392,20.23
9.0005,3.977,5.9345,20.23
9.0205,3.9768,5.9297,21.79
9.0407,3.9766,5.9251,21.79
9.0608,3.9762,5.9204,21.79
9.0807,3.9758,5.9157,21.79
9.1004,3.9752,5.9111,21.79
9.1208,3.9745,5.9064,21.79
9.1407,3.9737,5.9019,27.548
9.1604,3.9729,5.8973,27.548
9.1804,3.9719,5.8928,27.548
9.2005,3.9709,5.8882,27.548
9.2203,3.9699,5.8838,27.548
9.2404,3.9685,5.8794,27.548
9.2609,3.9672,5.875,28.158
9.2804,3.9658,5.8707,28.158
9.3007,3.964,5.8664,28.158
9.3205,3.9623,5.8621,28.158
9.3404,3.9606,5.8579,28.158
9.3608,3.9588,5.8537,28.158
9.3804,3.9572,5.8495,21.189
9.4008,3.9558,5.8454,21.189
9.4204,3.9544,5.8412,21.189
9.4408,3.953,5.8371,21.189
9.4606,3.951,5.8329,21.189
9.4804,3.949,5.8288,21.189
9.5004,3.9473,5.8248,23.329
9.5207,3.9456,5.8208,23.329
9.5404,3.9439,5.8169,23.329
9.5604,3.9424,5.8129,23.329
9.5806,3.9409,5.809,23.329
9.6004,3.9396,5.8052,23.35
9.6206,3.9383,5.8015,23.35
9.6404,3.937,5.7976,23.35
9.661,3.9359,5.7938,23.35
9.6808,3.9348,5.7901,23.35
9.7004,3.9338,5.7864,23.35
9.7205,3.9336,5.7828,20.445
9.7405,3.9335,5.7792,20.445
9.7608,3.9334,5.7755,20.445
9.7806,3.9335,5.772,20.445
9.8006,3.9335,5.7792,20.445
9.8203,3.9336,5.7758,20.128
9.8404,3.9337,5.7724,20.128
9.8605,3.9339,5.7689,20.128
9.8805,3.934,5.7656,20.128
9.9008,3.9343,5.7623,20.128
9.9208,3.9345,5.7591,20.128
9.9406,3.9347,5.7559,21.693
9.9614,3.935,5.7528,21.693
9.9806,3.9353,5.7496,21.693
10.001,3.9356,5.7465,21.693
10.02,3.9359,5.7436,21.693
10.04,3.9362,5.7406,21.693
10.061,3.9366,5.7375,18.643
10.081,3.9369,5.7347,18.643
10.1,3.9373,5.7318,18.643
10.12,3.9377,5.7291,18.643
10.141,3.9381,5.7264,18.643
10.16,3.9385,5.7236,18.643
10.18,3.9389,5.7208,24.386
10.201,3.9393,5.718,24.386
10.22,3.9397,5.7154,24.386
10.241,3.9401,5.713,24.386
10.261,3.9405,5.7105,24.386
10.28,3.9409,5.7079,20.612
10.301,3.9413,5.7056,20.612
10.321,3.9418,5.7033,20.612
10.34,3.9422,5.7011,20.612
10.36,3.9426,5.6988,20.612
10.381,3.943,5.6964,20.612
10.4,3.9434,5.6943,20.387
10.42,3.9438,5.6923,20.387
10.441,3.9442,5.6903,20.387
10.461,3.9455,5.6883,20.387
10.481,3.9468,5.6862,20.387
10.5,3.9481,5.6844,20.387
10.521,3.9493,5.6825,20.885
10.541,3.9506,5.6807,20.885
10.561,3.9519,5.6789,20.885
10.581,3.9531,5.6771,20.885
10.601,3.9544,5.6754,20.885
10.621,3.9556,5.6737,20.498
10.64,3.9568,5.6722,20.498
10.661,3.9581,5.6706,20.498
10.68,3.9592,5.669,20.498
10.701,3.9604,5.6675,20.498
10.721,3.9616,5.666,20.498
10.741,3.9628,5.6646,21.454
10.761,3.9639,5.6632,21.454
10.781,3.9651,5.6618,21.454
10.8,3.9662,5.6604,21.454
10.82,3.9673,5.6592,21.454
10.841,3.9684,5.658,24.589
10.861,3.9695,5.6567,24.589
10.881,3.9706,5.6555,24.589
10.901,3.9717,5.6543,24.589
10.92,3.9728,5.653,24.589
10.941,3.9738,5.6518,24.589
10.961,3.9749,5.6505,25.082
10.981,3.9759,5.6494,25.082
11.001,3.9769,5.6485,25.082
11.021,3.9779,5.6475,25.082
11.04,3.9789,5.6467,25.082
11.061,3.979,5.6459,25.082
11.08,3.9791,5.645,19.13
11.101,3.9792,5.6442,19.13
11.12,3.9792,5.6434,19.13
11.14,3.9793,5.6427,19.13
11.161,3.9793,5.6421,19.13
11.18,3.9794,5.6413,19.13
11.201,3.9794,5.6406,20.455
11.22,3.9794,5.6401,20.455
11.241,3.9794,5.6395,20.455
11.26,3.9803,5.6388,20.455
11.281,3.9812,5.6382,20.455
11.301,3.9821,5.6376,20.455
11.321,3.9829,5.6372,22.582
11.341,3.9838,5.6367,22.582
11.361,3.9847,5.6361,22.582
11.381,3.9855,5.6356,22.582
11.401,3.9863,5.635,22.582
11.421,3.9872,5.6345,19.327
11.441,3.988,5.634,19.327
11.46,3.9888,5.6334,19.327
11.481,3.9896,5.6328,19.327
11.5,3.9904,5.6322,19.327
11.521,3.9912,5.6317,19.327
11.541,3.9919,5.6311,19.026
11.561,3.9927,5.6305,19.026
11.581,3.9934,5.6299,19.026
11.601,3.9941,5.6293,19.026
11.62,3.9949,5.6287,19.026
11.641,3.9955,5.6281,19.026
11.661,3.9953,5.6275,19.872
11.681,3.995,5.6269,19.872
11.701,3.9948,5.6263,19.872
11.72,3.9945,5.6257,19.872
11.741,3.9942,5.6251,19.872
11.761,3.9938,5.6245,19.872
11.78,3.9934,5.6239,27.814
11.801,3.9931,5.6233,27.814
11.82,3.9926,5.6227,27.814
11.841,3.9922,5.6221,27.814
11.861,3.9926,5.6215,27.814
11.881,3.9929,5.6208,24.739
11.901,3.9933,5.6202,24.739
11.92,3.9936,5.6196,24.739
11.941,3.994,5.6189,24.739
11.961,3.9942,5.6182,24.739
11.981,3.9944,5.6176,24.739
12.001,3.9946,5.617,20.655
12.021,3.9947,5.6164,20.655
12.041,3.9948,5.6158,20.655
12.061,3.9948,5.6151,20.655
12.081,3.9948,5.6144,20.655
12.101,3.9947,5.6137,20.655
12.12,3.9937,5.6131,26.435
12.141,3.9927,5.6125,26.435
12.16,3.9916,5.6118,26.435
12.181,3.9905,5.6112,26.435
12.2,3.9893,5.6105,26.435
12.221,3.988,5.6099,26.435
12.241,3.9866,5.6093,22.958
12.261,3.9851,5.6087,22.958
12.28,3.9836,5.608,22.958
12.301,3.982,5.6074,22.958
12.321,3.9803,5.6068,22.958
12.341,3.9786,5.6062,17.592
12.361,3.9768,5.6056,17.592
12.381,3.9751,5.6049,17.592
12.401,3.9733,5.6043,17.592
12.421,3.9715,5.6037,17.592
12.441,3.9694,5.6031,17.592
12.461,3.9673,5.6025,17.477
12.481,3.9652,5.6019,17.477
12.501,3.9629,5.6012,17.477
12.521,3.9616,5.6007,17.477
12.541,3.9601,5.6001,17.477
12.561,3.9586,5.5995,17.477
12.581,3.9571,5.5988,23.108
12.601,3.9555,5.5981,23.108
12.621,3.9537,5.5975,23.108
12.641,3.9518,5.5969,23.108
12.661,3.949,5.5963,23.108
12.68,3.9462,5.5957,23.108
12.701,3.9433,5.5952,21.731
12.721,3.9403,5.5946,21.731
12.741,3.937,5.594,21.731
12.761,3.9338,5.5933,21.731
12.78,3.9306,5.5927,21.731
12.801,3.9271,5.592,20.569
12.821,3.9237,5.5914,20.569
12.84,3.92,5.5908,20.569
12.861,3.9163,5.5901,20.569
12.881,3.9126,5.5895,20.569
12.901,3.9087,5.5888,20.569
12.921,3.9038,5.5882,20.253
12.941,3.8988,5.5875,20.253
12.961,3.8938,5.5868,20.253
12.981,3.8889,5.5861,20.253
13.001,3.8836,5.5854,20.253
13.021,3.8782,5.5847,19.616
13.041,3.8728,5.5841,19.616
13.061,3.8672,5.5835,19.616
13.08,3.8615,5.5828,19.616
13.101,3.8559,5.5822,19.616
13.122,3.8502,5.5816,19.616
13.141,3.8443,5.5811,20.408
13.161,3.8385,5.5805,20.408
13.181,3.8327,5.58,20.408
13.201,3.8267,5.5795,20.408
13.221,3.8206,5.579,20.408
13.241,3.8143,5.5785,20.408
13.261,3.8081,5.578,22.454
13.281,3.8019,5.5776,22.454
13.301,3.7955,5.5771,22.454
13.321,3.789,5.5767,22.454
13.341,3.7824,5.5762,22.454
13.361,3.7758,5.5758,18.365
13.381,3.7691,5.5754,18.365
13.401,3.7624,5.575,18.365
13.421,3.7555,5.5746,18.365
13.441,3.7487,5.5742,18.365
13.461,3.7418,5.5738,18.365
13.481,3.7349,5.5734,19.785
13.501,3.7281,5.5731,19.785
13.521,3.721,5.5727,19.785
13.541,3.7139,5.5723,19.785
13.561,3.7069,5.572,19.785
13.581,3.6998,5.5716,19.785
13.601,3.6926,5.5712,18.571
13.621,3.6854,5.5709,18.571
13.641,3.6782,5.5705,18.571
13.661,3.6709,5.5701,18.571
13.681,3.6637,5.5698,18.571
13.701,3.6564,5.5694,18.571
13.721,3.6491,5.569,20.044
13.741,3.6418,5.5686,20.044
13.761,3.6345,5.5682,20.044
13.781,3.6272,5.5678,20.044
13.801,3.6199,5.5674,20.044
13.821,3.6126,5.567,19.007
13.841,3.6053,5.5665,19.007
13.861,3.598,5.5661,19.007
13.881,3.5907,5.5656,19.007
13.901,3.5834,5.5652,19.007
13.921,3.5765,5.5647,19.007
13.941,3.5696,5.5642,19.661
13.961,3.5627,5.5637,19.661
13.981,3.5559,5.5631,19.661
14.001,3.549,5.5625,19.661
14.021,3.5422,5.562,19.661
14.041,3.5354,5.5613,17.482
14.061,3.5286,5.5607,17.482
14.081,3.5218,5.56,17.482
14.101,3.515,5.5593,17.482
14.121,3.5083,5.5586,17.482
14.141,3.5016,5.5578,17.482
14.161,3.4949,5.557,20.564
14.181,3.4883,5.5562,20.564
14.201,3.4816,5.5553,20.564
14.221,3.4751,5.5544,20.564
14.241,3.4686,5.5535,20.564
14.261,3.4622,5.5526,20.564
14.281,3.4558,5.5516,19.555
14.301,3.4494,5.5505,19.555
14.321,3.443,5.5495,19.555
14.341,3.4369,5.5483,19.555
14.361,3.4307,5.5471,19.555
14.381,3.4246,5.546,19.555
14.401,3.4184,5.5447,27.758
14.421,3.4124,5.5434,27.758
14.441,3.4066,5.5421,27.758
14.461,3.4008,5.5408,27.758
14.481,3.395,5.5394,27.758
14.501,3.3893,5.5379,20.068
14.521,3.3836,5.5363,20.068
14.541,3.3782,5.5348,20.068
14.561,3.3728,5.533,20.068
14.581,3.3674,5.5313,20.068
14.601,3.3622,5.5296,20.068
14.621,3.3571,5.5278,16.93
14.641,3.3521,5.5259,16.93
14.661,3.3472,5.524,16.93
14.681,3.3422,5.522,16.93
14.701,3.3376,5.52,16.93
14.721,3.333,5.5179,16.93
14.741,3.3285,5.5158,18.298
14.761,3.3242,5.5137,18.298
14.781,3.3198,5.5115,18.298
14.801,3.3157,5.5094,18.298
14.821,3.3116,5.507,18.298
14.841,3.3078,5.5045,18.298
14.861,3.3039,5.502,19.62
14.881,3.3001,5.4995,19.62
14.901,3.2965,5.4967,19.62
14.921,3.2929,5.4939,19.62
14.941,3.2895,5.4911,19.62
14.961,3.2861,5.4882,18.043
14.981,3.2829,5.4853,18.043
15.001,3.2799,5.4899,18.043
15.021,3.277,5.4868,18.043
15.041,3.2743,5.4836,18.043
15.061,3.2727,5.4803,18.043
15.081,3.2713,5.4771,17.447
15.101,3.2698,5.4738,17.447
15.121,3.2685,5.4702,17.447
15.141,3.2673,5.4666,17.447
15.161,3.2666,5.463,17.447
15.181,3.2659,5.4593,17.447
15.201,3.2655,5.4556,18.121
15.221,3.265,5.4517,18.121
15.241,3.2647,5.4477,18.121
15.261,3.2646,5.4438,18.121
15.281,3.2644,5.4396,18.121
15.301,3.2647,5.4355,18.121
15.321,3.2649,5.4311,19.912
15.341,3.2654,5.4268,19.912
15.361,3.2661,5.4224,19.912
15.381,3.2669,5.4179,19.912
15.401,3.268,5.4134,19.912
15.421,3.269,5.4087,17.42
15.441,3.2705,5.404,17.42
15.461,3.271,5.3994,17.42
15.481,3.2716,5.3946,17.42
15.501,3.2725,5.3895,17.42
15.521,3.2736,5.3844,17.42
15.541,3.2748,5.3792,16.997
15.561,3.2764,5.3739,16.997
15.581,3.2782,5.3686,16.997
15.601,3.28,5.3632,16.997
15.621,3.282,5.3578,16.997
15.641,3.2841,5.3525,16.997
15.661,3.2866,5.3473,18.716
15.681,3.2893,5.342,18.716
15.701,3.292,5.3368,18.716
15.721,3.2949,5.3317,18.716
15.741,3.2981,5.3266,18.716
15.761,3.3016,5.3216,18.716
15.781,3.3053,5.3165,18.716
15.802,3.309,5.3115,22.624
15.821,3.3129,5.3066,22.624
15.841,3.3171,5.3017,22.624
15.862,3.3226,5.2968,22.624
15.881,3.3282,5.2918,22.624
15.901,3.3338,5.2869,21.569
15.921,3.3394,5.282,21.569
15.941,3.3453,5.2771,21.569
15.961,3.3511,5.2722,21.569
15.981,3.3569,5.2674,21.569
16.001,3.3629,5.2627,21.569
16.021,3.3682,5.258,20.732
16.041,3.3734,5.2532,20.732
16.061,3.3786,5.2485,20.732
16.081,3.384,5.2438,20.732
16.101,3.3887,5.2392,20.732
16.121,3.3934,5.2346,18.905
16.141,3.3979,5.2301,18.905
16.161,3.4025,5.2256,18.905
16.182,3.4072,5.221,18.905
16.202,3.4118,5.2165,18.905
16.221,3.4164,5.2121,18.905
16.241,3.4205,5.2077,18.985
16.261,3.4245,5.2034,18.985
16.281,3.4285,5.199,18.985
16.301,3.4326,5.1946,18.985
16.321,3.4361,5.1904,18.985
16.341,3.4397,5.1861,18.985
16.361,3.443,5.1819,18.881
16.381,3.4463,5.1776,18.881
16.401,3.4497,5.1735,18.881
16.421,3.4525,5.1693,18.881
16.441,3.4553,5.1652,18.881
16.461,3.458,5.1611,18.881
16.481,3.4608,5.157,17.128
16.501,3.4636,5.1529,17.128
16.521,3.4657,5.1489,17.128
16.541,3.4678,5.1449,17.128
16.561,3.4699,5.141,17.128
16.581,3.472,5.137,17.128
16.601,3.4737,5.1331,17.485
16.621,3.4755,5.1292,17.485
16.641,3.477,5.1252,17.485
16.661,3.4784,5.1213,17.485
16.681,3.4797,5.1175,17.485
16.702,3.4811,5.1137,17.485
16.721,3.4824,5.1099,19.47
16.741,3.4831,5.1062,19.47
16.762,3.4838,5.1024,19.47
16.781,3.4844,5.0987,19.47
16.801,3.485,5.095,19.47
16.821,3.4856,5.0914,19.47
16.841,3.4857,5.0877,18.524
16.862,3.4855,5.0843,18.524
16.881,3.4852,5.0807,18.524
16.901,3.4846,5.0772,18.524
16.921,3.4841,5.0737,18.524
16.941,3.4832,5.0702,18.524
16.961,3.4823,5.0668,17.269
16.981,3.4813,5.0634,17.269
17.001,3.4803,5.06,17.269
17.021,3.4792,5.0566,17.269
17.041,3.4779,5.0533,17.269
17.061,3.4765,5.0499,18.575
17.081,3.4752,5.0466,18.575
17.101,3.4735,5.0433,18.575
17.121,3.4718,5.04,18.575
17.141,3.47,5.0301,18.575
17.161,3.4678,5.0269,18.575
17.181,3.4656,5.0236,17.786
17.201,3.4633,5.0204,17.786
17.221,3.4608,5.0173,17.786
17.241,3.4583,5.0142,17.786
17.261,3.4556,5.011,17.786
17.281,3.4528,5.0079,17.786
17.301,3.4499,5.0049,18.473
17.321,3.4468,5.0018,18.473
17.341,3.4435,4.9988,18.473
17.361,3.4401,4.9958,18.473
17.381,3.4365,4.9927,18.473
17.401,3.4328,4.9898,18.473
17.421,3.4291,4.9868,16.497
17.441,3.4252,4.9839,16.497
17.461,3.4213,4.981,16.497
17.481,3.4172,4.978,16.497
17.501,3.413,4.9752,16.497
17.521,3.4089,4.9723,16.497
17.542,3.4045,4.9695,19.155
17.561,3.4001,4.9667,19.155
17.581,3.3955,4.9639,19.155
17.601,3.3909,4.9612,19.155
17.621,3.3864,4.9584,19.155
17.641,3.3817,4.9557,19.155
17.661,3.3769,4.953,17.617
17.681,3.372,4.9503,17.617
17.701,3.3671,4.9476,17.617
17.721,3.3623,4.945,17.617
17.741,3.3573,4.9423,17.617
17.761,3.3523,4.9397,17.617
17.781,3.3472,4.937,20.556
17.801,3.342,4.9344,20.556
17.821,3.3369,4.9318,20.556
17.841,3.3317,4.9292,20.556
17.861,3.3265,4.9266,20.556
17.881,3.3212,4.924,20.556
17.901,3.3159,4.9213,21.097
17.921,3.3118,4.9187,21.097
17.941,3.3075,4.9161,21.097
17.961,3.303,4.9134,21.097
17.981,3.2986,4.9108,21.097
18.001,3.294,4.9081,17.363
18.021,3.2894,4.9055,17.363
18.041,3.285,4.9029,17.363
18.061,3.2805,4.9003,17.363
18.081,3.2759,4.8977,17.363
18.101,3.2712,4.8952,17.363
18.121,3.2666,4.8927,17.889
18.141,3.2619,4.8902,17.889
18.162,3.2573,4.8877,17.889
18.181,3.2525,4.8852,17.889
18.201,3.2479,4.8828,17.889
18.221,3.2434,4.8804,17.889
18.241,3.2387,4.878,17.514
18.262,3.234,4.8756,17.514
18.281,3.229,4.8733,17.514
18.301,3.2243,4.871,17.514
18.321,3.2196,4.8687,17.514
18.341,3.2148,4.8665,17.514
18.361,3.21,4.8643,17.853
18.381,3.205,4.8621,17.853
18.401,3.2002,4.8599,17.853
18.421,3.1956,4.8578,17.853
18.441,3.1907,4.8557,17.853
18.461,3.1859,4.8536,17.853
18.481,3.181,4.841,16.208
18.501,3.1758,4.8389,16.208
18.521,3.1709,4.837,16.208
18.541,3.1659,4.8351,16.208
18.561,3.1608,4.8332,16.208
18.581,3.1558,4.8313,16.208
18.601,3.1507,4.8295,17.468
18.621,3.1456,4.8277,17.468
18.641,3.1406,4.8259,17.468
18.661,3.1357,4.8243,17.468
18.681,3.1306,4.8226,17.468
18.701,3.1254,4.821,17.468
18.721,3.1203,4.8194,19.006
18.741,3.1153,4.8178,19.006
18.761,3.1102,4.8163,19.006
18.781,3.105,4.8149,19.006
18.801,3.0997,4.8134,19.006
18.821,3.0944,4.8121,19.006
18.841,3.0893,4.8108,21.169
18.861,3.0842,4.8096,21.169
18.881,3.0791,4.8084,21.169
18.901,3.0744,4.8072,21.169
18.921,3.0699,4.806,21.169
18.941,3.0654,4.8049,17.947
18.961,3.0617,4.8039,17.947
18.981,3.0581,4.803,17.947
19.001,3.0545,4.8021,17.947
19.021,3.0513,4.8012,17.947
19.041,3.0487,4.8002,17.947
19.061,3.0463,4.7993,17.947
19.081,3.0442,4.7983,20.023
19.101,3.0423,4.7973,20.023
19.121,3.0406,4.7963,20.023
19.141,3.039,4.7952,20.023
19.161,3.0375,4.7941,20.023
19.181,3.0366,4.7929,20.109
19.201,3.0362,4.7917,20.109
19.221,3.036,4.7905,20.109
19.241,3.0358,4.7893,20.109
19.261,3.0363,4.788,20.109
19.281,3.0368,4.7867,20.109
19.301,3.0378,4.7854,19.868
19.321,3.0389,4.7841,19.868
19.341,3.0401,4.7828,19.868
19.361,3.042,4.7814,19.868
19.381,3.044,4.78,19.868
19.401,3.0462,4.7786,18.977
19.421,3.0487,4.7771,18.977
19.441,3.0512,4.7758,18.977
19.461,3.0546,4.7742,18.977
19.481,3.0581,4.7727,18.977
19.501,3.0617,4.7712,18.977
19.521,3.0653,4.7697,17.108
19.541,3.0694,4.7682,17.108
19.561,3.0738,4.7666,17.108
19.581,3.0784,4.765,17.108
19.601,3.0833,4.7635,17.108
19.622,3.0882,4.7619,17.108
19.642,3.0934,4.7603,17.668
19.661,3.0987,4.7586,17.668
19.681,3.1046,4.757,17.668
19.701,3.1106,4.7553,17.668
19.721,3.1168,4.7537,17.668
19.741,3.1233,4.752,17.668
19.761,3.1298,4.7502,16.387
19.781,3.1367,4.7485,16.387
19.801,3.1437,4.7469,16.387
19.821,3.151,4.7451,16.387
19.841,3.1586,4.7434,16.387
19.861,3.1663,4.7417,16.387
19.881,3.1743,4.74,17.587
19.901,3.1825,4.7384,17.587
19.921,3.1908,4.7366,17.587
19.941,3.1994,4.7348,17.587
19.961,3.2081,4.7331,17.587
19.981,3.217,4.7313,17.587
20.001,3.2261,4.7295,19.699
20.021,3.2352,4.7278,19.699
20.041,3.2446,4.726,19.699
20.061,3.2542,4.7243,19.699
20.081,3.2638,4.7225,19.699
20.101,3.2735,4.7207,17.438
20.121,3.2831,4.7189,17.438
20.141,3.2927,4.7171,17.438
20.161,3.3019,4.7154,17.438
20.181,3.3112,4.7137,17.438
20.201,3.3206,4.712,17.438
20.221,3.3296,4.7102,20.69
20.241,3.3387,4.7085,20.69
20.261,3.3476,4.7067,20.69
20.281,3.3566,4.705,20.69
20.302,3.3657,4.7033,20.69
20.322,3.3743,4.7015,20.69
20.341,3.383,4.6998,16.256
20.361,3.3913,4.698,16.256
20.381,3.3998,4.6963,16.256
20.401,3.4082,4.6946,16.256
20.421,3.4164,4.6929,16.256
20.441,3.4244,4.6911,16.256
20.461,3.4321,4.6894,17.086
20.481,3.4399,4.6877,17.086
20.501,3.4476,4.686,17.086
20.521,3.455,4.6842,17.086
20.541,3.4623,4.6825,17.086
20.561,3.4693,4.6808,17.086
20.581,3.4761,4.6791,17.761
20.601,3.483,4.6775,17.761
20.621,3.4895,4.6758,17.761
20.641,3.4958,4.6741,17.761
20.661,3.5019,4.6725,17.761
20.681,3.5079,4.6708,17.761
20.701,3.5138,4.6692,19.837
20.721,3.5195,4.6676,19.837
20.741,3.525,4.6659,19.837
20.761,3.5304,4.6644,19.837
20.781,3.5358,4.6628,19.837
20.801,3.5407,4.6612,16.999
20.821,3.5455,4.6597,16.999
20.842,3.5502,4.6581,16.999
20.861,3.5536,4.6566,16.999
20.881,3.557,4.6551,16.999
20.901,3.5603,4.6537,16.999
20.921,3.5631,4.6522,17.261
20.941,3.5657,4.6508,17.261
20.961,3.5681,4.6494,17.261
20.981,3.5704,4.648,17.261
21.001,3.5726,4.6467,17.261
21.021,3.5745,4.6453,17.261
21.041,3.5761,4.644,16.116
21.062,3.5776,4.6428,16.116
21.081,3.5789,4.6416,16.116
21.101,3.5803,4.6404,16.116
21.121,3.5815,4.6392,16.116
21.141,3.5823,4.638,16.116
21.161,3.5832,4.6369,19.117
21.181,3.5838,4.6358,19.117
21.201,3.5843,4.6348,19.117
21.221,3.5847,4.6338,19.117
21.241,3.5848,4.6328,19.117
21.261,3.5848,4.6319,19.117
21.281,3.5846,4.6311,20.586
21.301,3.5844,4.6302,20.586
21.321,3.5841,4.6294,20.586
21.341,3.5836,4.6287,20.586
21.361,3.5828,4.6279,20.586
21.381,3.5821,4.6273,17.504
21.401,3.5811,4.6267,17.504
21.421,3.58,4.626,17.504
21.441,3.579,4.6256,17.504
21.462,3.5776,4.6251,17.504
21.481,3.5761,4.6248,17.504
21.501,3.5747,4.6244,16.148
21.521,3.573,4.6241,16.148
21.541,3.5711,4.6239,16.148
21.562,3.5691,4.6237,16.148
21.582,3.567,4.6235,16.148
21.601,3.5647,4.6235,16.148
21.621,3.5623,4.6234,19.835
21.641,3.5596,4.6234,19.835
21.661,3.5569,4.6236,19.835
21.681,3.5541,4.6238,19.835
21.701,3.5511,4.624,19.835
21.722,3.5482,4.6243,19.835
21.742,3.5448,4.6246,21.001
21.761,3.5415,4.625,21.001
21.781,3.5379,4.6255,21.001
21.801,3.5342,4.626,21.001
21.821,3.5306,4.6267,21.001
21.841,3.5266,4.6273,17.354
21.861,3.5224,4.6282,17.354
21.882,3.5183,4.6291,17.354
21.901,3.514,4.63,17.354
21.921,3.5097,4.631,17.354
21.941,3.5053,4.632,17.354
21.962,3.5005,4.6331,17.475
21.981,3.4957,4.6343,17.475
22.002,3.4907,4.6355,17.475
22.021,3.4856,4.6369,17.475
22.042,3.4805,4.6383,17.475
22.061,3.475,4.6398,17.475
22.081,3.4695,4.6415,22.214
22.101,3.4638,4.6433,22.214
22.121,3.4581,4.6451,22.214
22.142,3.4522,4.647,22.214
22.162,3.4461,4.649,22.214
22.181,3.4399,4.6512,22.214
22.201,3.4336,4.6533,17.925
22.221,3.4273,4.6556,17.925
22.241,3.4208,4.6579,17.925
22.262,3.414,4.6604,17.925
22.281,3.4072,4.6629,17.925
22.301,3.4002,4.6655,17.925
22.321,3.3931,4.6682,17.766
22.341,3.3858,4.6709,17.766
22.361,3.3783,4.6739,17.766
22.381,3.3708,4.6769,17.766
22.401,3.3629,4.6799,17.766
22.421,3.3551,4.683,17.766
22.441,3.347,4.6863,17.2
22.461,3.3389,4.6897,17.2
22.481,3.3307,4.6932,17.2
22.501,3.3221,4.6967,17.2
22.521,3.3135,4.7003,17.2
22.542,3.3048,4.7041,17.2
22.562,3.296,4.708,17.703
22.581,3.2869,4.712,17.703
22.601,3.2777,4.716,17.703
22.621,3.2685,4.72,17.703
22.641,3.2591,4.7243,17.703
22.661,3.2493,4.7285,17.703
22.681,3.2394,4.733,19.67
22.701,3.2294,4.7374,19.67
22.722,3.2194,4.7419,19.67
22.741,3.2092,4.7465,19.67
22.762,3.1987,4.7511,19.67
22.781,3.1881,4.7558,16.728
22.801,3.1775,4.7605,16.728
22.821,3.1667,4.7652,16.728
22.842,3.1558,4.7701,16.728
22.862,3.1447,4.7751,16.728
22.881,3.1333,4.78,16.728
22.901,3.1218,4.7851,18.327
22.922,3.1102,4.7902,18.327
22.942,3.0984,4.7954,18.327
22.961,3.0865,4.8008,18.327
22.981,3.0746,4.8061,18.327
23.001,3.0625,4.8115,18.327
23.022,3.0504,4.817,16.079
23.041,3.0385,4.8225,16.079
23.061,3.0266,4.8282,16.079
23.081,3.0147,4.8338,16.079
23.101,3.0032,4.8395,16.079
23.121,2.9917,4.8453,16.079
23.141,2.9802,4.8512,21.331
23.162,2.969,4.8572,21.331
23.181,2.9578,4.8632,21.331
23.201,2.947,4.8692,21.331
23.221,2.9361,4.8754,21.331
23.241,2.9252,4.8816,16.92
23.261,2.9148,4.8879,16.92
23.281,2.9044,4.8942,16.92
23.301,2.8944,4.9005,16.92
23.321,2.8843,4.907,16.92
23.342,2.8742,4.9136,16.92
23.361,2.8643,4.9202,17.627
23.381,2.8546,4.9268,17.627
23.401,2.8452,4.9336,17.627
23.421,2.8358,4.9403,17.627
23.441,2.8264,4.9472,17.627
23.462,2.8173,4.9541,17.627
23.482,2.8083,4.961,17.627
23.501,2.7997,4.968,23.962
23.521,2.7911,4.9752,23.962
23.542,2.7824,4.9824,23.962
23.561,2.7742,4.9896,23.962
23.581,2.7661,4.997,23.962
23.601,2.7582,5.0044,17.907
23.621,2.7504,5.012,17.907
23.641,2.7425,5.0195,17.907
23.661,2.7349,5.0271,17.907
23.681,2.7275,5.0272,17.907
23.701,2.7202,5.0349,17.907
23.721,2.7128,5.0428,15.433
23.741,2.706,5.0507,15.433
23.762,2.6992,5.0587,15.433
23.781,2.6927,5.0668,15.433
23.801,2.6861,5.0748,15.433
23.821,2.6796,5.0831,15.433
23.841,2.6733,5.0914,21.287
23.861,2.6675,5.0997,21.287
23.881,2.6616,5.1081,21.287
23.901,2.656,5.1165,21.287
23.922,2.6505,5.1249,21.287
23.942,2.6449,5.1336,17.848
23.962,2.6399,5.1422,17.848
23.982,2.6348,5.151,17.848
24.001,2.6299,5.1597,17.848
24.021,2.6252,5.1686,17.848
24.041,2.6205,5.1776,17.848
24.061,2.616,5.1866,15.813
24.081,2.6117,5.1958,15.813
24.101,2.6073,5.2049,15.813
24.121,2.603,5.2142,15.813
24.142,2.599,5.2235,15.813
24.161,2.5951,5.2329,15.813
24.182,2.5914,5.2424,18.463
24.201,2.5877,5.2519,18.463
24.221,2.5842,5.2615,18.463
24.241,2.5808,5.2713,18.463
24.261,2.5774,5.281,18.463
24.281,2.5742,5.2909,18.463
24.302,2.5709,5.3007,17.939
24.321,2.5678,5.3107,17.939
24.342,2.5648,5.3208,17.939
24.361,2.5621,5.3309,17.939
24.382,2.5593,5.3412,17.939
24.401,2.5567,5.3515,17.939
24.421,2.5541,5.3618,15.892
24.441,2.5517,5.3721,15.892
24.462,2.5495,5.3824,15.892
24.481,2.5472,5.393,15.892
24.501,2.5451,5.4036,15.892
24.521,2.543,5.4141,15.892
24.541,2.5411,5.4247,16.855
24.562,2.5393,5.4355,16.855
24.581,2.5376,5.4463,16.855
24.601,2.536,5.457,16.855
24.621,2.5344,5.4679,16.855
24.641,2.533,5.4788,16.855
24.661,2.5316,5.4899,17.488
24.681,2.5304,5.501,17.488
24.701,2.5292,5.5121,17.488
24.721,2.5281,5.5233,17.488
24.741,2.5273,5.5345,17.488
24.762,2.5264,5.5459,17.488
24.783,2.5256,5.5573,18.287
24.802,2.5249,5.5687,18.287
24.822,2.5243,5.5802,18.287
24.842,2.5238,5.5917,18.287
24.861,2.5235,5.6035,18.287
24.881,2.5231,5.6152,18.287
24.901,2.523,5.6269,16.374
24.921,2.5242,5.6388,16.374
24.941,2.5254,5.6507,16.374
24.962,2.5268,5.6628,16.374
24.982,2.5282,5.6748,16.374
25.001,2.5299,5.6869,16.374
25.021,2.5317,5.699,17.493
25.041,2.5334,5.7113,17.493
25.062,2.5353,5.7235,17.493
25.081,2.5373,5.736,17.493
25.102,2.5393,5.7484,17.493
25.121,2.5415,5.7609,17.493
25.141,2.5437,5.7735,15.418
25.161,2.546,5.7861,15.418
25.182,2.5485,5.7989,15.418
25.202,2.551,5.8117,15.418
25.221,2.5535,5.8245,15.418
25.241,2.5562,5.8375,15.047
25.261,2.5589,5.8505,15.047
25.281,2.5617,5.8636,15.047
25.301,2.5647,5.8768,15.047
25.321,2.5677,5.89,15.047
25.342,2.5708,5.9032,15.047
25.362,2.5741,5.9166,14.36
25.381,2.5774,5.93,14.36
25.402,2.5809,5.9435,14.36
25.422,2.5844,5.957,14.36
25.442,2.588,5.9707,14.36
25.461,2.5917,5.9844,14.36
25.481,2.5955,5.9982,16.624
25.502,2.5994,6.0121,16.624
25.522,2.6033,6.026,16.624
25.541,2.6074,6.04,16.624
25.561,2.6116,6.0541,16.624
25.582,2.6159,6.0683,16.624
25.601,2.6203,6.0826,16.942
25.621,2.6249,6.0968,16.942
25.641,2.6294,6.1112,16.942
25.661,2.6342,6.1256,16.942
25.682,2.639,6.1401,16.942
25.701,2.6438,6.1546,16.942
25.721,2.6488,6.1693,16.019
25.742,2.6538,6.184,16.019
25.761,2.6591,6.1989,16.019
25.781,2.6643,6.2137,16.019
25.802,2.6696,6.2286,16.019
25.822,2.6751,6.2435,16.019
25.842,2.6808,6.2587,14.403
25.862,2.6866,6.274,14.403
25.881,2.6925,6.2894,14.403
25.902,2.6986,6.3047,14.403
25.921,2.7046,6.3202,14.403
25.941,2.7109,6.3358,15.741
25.961,2.7172,6.3514,15.741
25.982,2.7236,6.3671,15.741
26.002,2.7302,6.3828,15.741
26.021,2.7368,6.3985,15.741
26.041,2.7437,6.4144,15.741
26.062,2.7507,6.4302,16.136
26.081,2.7576,6.4461,16.136
26.101,2.7648,6.4621,16.136
26.121,2.7719,6.4781,16.136
26.142,2.7793,6.4943,16.136
26.161,2.7868,6.5104,16.136
26.181,2.7943,6.5266,20.132
26.201,2.8019,6.5428,20.132
26.221,2.8097,6.559,20.132
26.241,2.8176,6.5754,20.132
26.262,2.8258,6.5917,20.132
26.281,2.8339,6.608,20.132
26.301,2.8421,6.6244,15.095
26.321,2.8505,6.6408,15.095
26.342,2.8589,6.6573,15.095
26.361,2.8675,6.6739,15.095
26.382,2.876,6.6904,15.095
26.402,2.8848,6.707,15.095
26.421,2.8935,6.7236,18.809
26.441,2.9026,6.7403,18.809
26.462,2.9116,6.757,18.809
26.481,2.9207,6.7737,18.809
26.502,2.9297,6.7905,18.809
26.522,2.9381,6.8073,18.809
26.542,2.9465,6.8242,15.822
26.561,2.9545,6.841,15.822
26.583,2.9625,6.8579,15.822
26.602,2.9705,6.8748,15.822
26.621,2.9781,6.8918,15.822
26.641,2.9857,6.9088,15.822
26.662,2.9929,6.9259,21.897
26.682,3.0001,6.9429,21.897
26.702,3.0074,6.96,21.897
26.721,3.0145,6.9772,21.897
26.742,3.0211,6.9944,21.897
26.762,3.0278,7.0116,15.167
26.782,3.0344,7.0288,15.167
26.802,3.0407,7.046,15.167
26.822,3.0469,7.0633,15.167
26.841,3.0528,7.0807,15.167
26.861,3.0586,7.0981,15.167
26.882,3.0645,7.1154,13.626
26.901,3.0699,7.1328,13.626
26.922,3.0759,7.1503,13.626
26.941,3.0815,7.1677,13.626
26.961,3.0871,7.1853,13.626
26.982,3.0927,7.2028,13.626
27.002,3.0978,7.2203,17.218
27.022,3.103,7.2379,17.218
27.041,3.108,7.2555,17.218
27.061,3.1126,7.2732,17.218
27.081,3.1173,7.2908,17.218
27.101,3.1218,7.3085,17.218
27.121,3.1262,7.3261,18.421
27.141,3.1305,7.3439,18.421
27.161,3.1343,7.3616,18.421
27.181,3.1381,7.3793,18.421
27.201,3.1419,7.3971,18.421
27.221,3.1453,7.4149,14.872
27.242,3.1488,7.4327,14.872
27.262,3.1519,7.4506,14.872
27.281,3.1548,7.4684,14.872
27.301,3.1578,7.4862,14.872
27.321,3.1597,7.5041,14.872
27.342,3.1614,7.5221,19.274
27.361,3.1629,7.5401,19.274
27.381,3.1642,7.558,19.274
27.401,3.1656,7.576,19.274
27.421,3.1666,7.594,19.274
27.441,3.1676,7.6121,19.274
27.462,3.1684,7.6302,16.963
27.481,3.1691,7.6482,16.963
27.501,3.1695,7.6662,16.963
27.522,3.1698,7.6843,16.963
27.541,3.1698,7.7024,16.963
27.562,3.1699,7.7206,16.963
27.582,3.1697,7.7387,15.89
27.602,3.1693,7.7569,15.89
27.621,3.1689,7.7751,15.89
27.642,3.1681,7.7933,15.89
27.661,3.1673,7.8115,15.89
27.682,3.1664,7.8297,15.89
27.701,3.1653,7.8478,16.007
27.722,3.164,7.8662,16.007
27.742,3.1626,7.8846,16.007
27.761,3.1609,7.9031,16.007
27.782,3.1591,7.9217,16.007
27.802,3.1574,7.9404,15.301
27.822,3.1553,7.9593,15.301
27.842,3.1532,7.9782,15.301
27.862,3.1494,7.9973,15.301
27.882,3.1457,8.0165,15.301
27.902,3.1419,8.0357,15.301
27.921,3.1379,8.055,14.375
27.943,3.1336,8.0746,14.375
27.961,3.1291,8.0941,14.375
27.981,3.1247,8.1136,14.375
28.001,3.12,8.1334,14.375
28.022,3.1154,8.1533,14.375
28.041,3.1104,8.1732,14.989
28.061,3.1053,8.1934,14.989
28.081,3.1002,8.2135,14.989
28.102,3.0949,8.2337,14.989
28.122,3.0895,8.254,14.989
28.142,3.0838,8.2745,14.989
28.161,3.0781,8.295,14.504
28.181,3.0723,8.3155,14.504
28.202,3.0665,8.3361,14.504
28.222,3.0605,8.3569,14.504
28.242,3.0543,8.3778,14.504
28.262,3.048,8.3988,14.504
28.281,3.0415,8.4197,14.657
28.301,3.035,8.4408,14.657
28.321,3.0283,8.462,14.657
28.341,3.0215,8.4833,14.657
28.362,3.0145,8.5047,14.657
28.381,3.0075,8.5261,12.589
28.401,3.0004,8.5477,12.589
28.421,2.9933,8.5694,12.589
28.441,2.9861,8.5911,12.589
28.462,2.9785,8.613,12.589
28.481,2.9709,8.6348,12.589
28.502,2.9632,8.6568,18.421
28.522,2.9554,8.6789,18.421
28.542,2.9475,8.701,18.421
28.561,2.9394,8.7232,18.421
28.581,2.9313,8.7454,18.421
28.602,2.923,8.7678,18.421
28.621,2.9147,8.7903,16.253
28.641,2.9063,8.8128,16.253
28.661,2.8977,8.8355,16.253
28.682,2.8891,8.8582,16.253
28.702,2.8802,8.8809,16.253
28.721,2.8712,8.9037,16.253
28.742,2.8621,8.9267,14.391
28.761,2.8528,8.9498,14.391
28.782,2.8434,8.9729,14.391
28.801,2.8337,8.9961,14.391
28.822,2.8241,9.0193,14.391
28.841,2.8141,9.0426,14.391
28.862,2.8041,9.066,14.761
28.881,2.794,9.0893,14.761
28.901,2.7838,9.1128,14.761
28.921,2.7734,9.1364,14.761
28.941,2.7628,9.16,14.761
28.962,2.752,9.1838,16.123
28.982,2.741,9.2076,16.123
29.002,2.7301,9.2315,16.123
29.022,2.719,9.2554,16.123
29.042,2.7077,9.2794,16.123
29.062,2.6965,9.3034,16.123
29.082,2.6849,9.3275,12.996
29.102,2.6731,9.3516,12.996
29.121,2.6613,9.3758,12.996
29.142,2.6492,9.4001,12.996
29.162,2.6368,9.4244,12.996
29.181,2.6244,9.4487,12.996
29.201,2.6116,9.473,12.094
29.222,2.5988,9.4974,12.094
29.242,2.5859,9.522,12.094
29.262,2.5727,9.5466,12.094
29.282,2.5594,9.5712,12.094
29.302,2.546,9.5959,12.094
29.321,2.5325,9.6206,12.394
29.341,2.5188,9.6454,12.394
29.362,2.505,9.6703,12.394
29.381,2.4909,9.6951,12.394
29.401,2.4767,9.72,12.394
29.421,2.4624,9.7449,12.988
29.442,2.4481,9.77,12.988
29.463,2.4344,9.795,12.988
29.482,2.4207,9.82,12.988
29.501,2.4072,9.8452,12.988
29.521,2.3938,9.8703,12.988
29.541,2.3802,9.8956,12.028
29.562,2.3669,9.9209,12.028
29.581,2.3537,9.9461,12.028
29.602,2.3407,9.9714,12.028
29.622,2.3277,9.9967,12.028
29.642,2.3146,10.022,12.028
29.661,2.3016,10.047,16.07
29.681,2.289,10.073,16.07
29.701,2.2763,10.098,16.07
29.723,2.2636,10.124,16.07
29.742,2.2511,10.149,16.07
29.762,2.2386,10.175,13.828
29.781,2.2264,10.2,13.828
29.802,2.2142,10.226,13.828
29.822,2.2021,10.251,13.828
29.841,2.1901,10.277,13.828
29.862,2.1776,10.303,13.828
29.881,2.1654,10.328,12.227
29.901,2.1531,10.354,12.227
29.922,2.1408,10.38,12.227
29.941,2.1288,10.405,12.227
29.961,2.1168,10.431,12.227
29.981,2.1049,10.457,12.227
30.002,2.0932,10.482,15.622
30.022,2.0815,10.508,15.622
30.042,2.0699,10.534,15.622
30.061,2.0583,10.56,15.622
30.081,2.0468,10.586,15.622
30.102,2.0357,10.611,15.622
30.122,2.0245,10.637,12.766
30.141,2.0134,10.663,12.766
30.162,2.0025,10.689,12.766
30.181,1.9917,10.714,12.766
30.201,1.9811,10.74,12.766
30.221,1.9704,10.766,11.537
30.241,1.9598,10.792,11.537
30.262,1.9503,10.817,11.537
30.281,1.9407,10.843,11.537
30.301,1.9315,10.869,11.537
30.322,1.9223,10.895,11.537
30.341,1.913,10.92,12.41
30.362,1.9041,10.946,12.41
30.381,1.8952,10.972,12.41
30.402,1.8864,10.998,12.41
30.421,1.8776,11.023,12.41
30.441,1.8693,11.049,12.41
30.461,1.8608,11.075,11.805
30.481,1.8526,11.1,11.805
30.502,1.8442,11.126,11.805
30.523,1.8358,11.152,11.805
30.541,1.8278,11.177,11.805
30.562,1.8196,11.203,12.745
30.581,1.8117,11.228,12.745
30.601,1.8037,11.254,12.745
30.622,1.7957,11.28,12.745
30.642,1.7879,11.305,12.745
30.662,1.7802,11.331,12.745
30.682,1.7726,11.356,11.703
30.701,1.7651,11.382,11.703
30.721,1.7576,11.407,11.703
30.742,1.7501,11.432,11.703
30.762,1.7427,11.458,11.703
30.781,1.7354,11.483,11.703
30.801,1.7283,11.509,11.66
30.821,1.7212,11.534,11.66
30.841,1.714,11.559,11.66
30.862,1.7071,11.584,11.66
30.881,1.7003,11.609,11.66
30.902,1.6936,11.634,11.278
30.922,1.6868,11.66,11.278
30.941,1.6801,11.685,11.278
30.962,1.6735,11.71,11.278
30.981,1.6671,11.735,11.278
31.001,1.6607,11.76,11.278
31.022,1.6544,11.785,11.479
31.042,1.6482,11.81,11.479
31.062,1.642,11.834,11.479
31.082,1.636,11.859,11.479
31.102,1.6301,11.884,11.479
31.122,1.6243,11.909,11.213
31.143,1.6185,11.934,11.213
31.163,1.6129,11.958,11.213
31.181,1.6073,11.983,11.213
31.201,1.6019,12.008,11.213
31.222,1.5965,12.032,11.213
31.242,1.5911,12.057,11.937
31.262,1.5859,12.081,11.937
31.281,1.5807,12.106,11.937
31.302,1.5757,12.13,11.937
31.322,1.5707,12.154,11.937
31.342,1.5657,12.179,11.937
31.361,1.5608,12.203,12.958
31.381,1.5558,12.227,12.958
31.401,1.5512,12.252,12.958
31.422,1.5466,12.276,12.958
31.442,1.542,12.3,12.958
31.462,1.5375,12.325,12.958
31.482,1.5332,12.349,15.333
31.501,1.5288,12.373,15.333
31.521,1.5245,12.398,15.333
31.541,1.5202,12.422,15.333
31.561,1.516,12.446,15.333
31.582,1.5119,12.47,13.9
31.607,1.5078,12.495,13.9
31.621,1.5038,12.519,13.9
31.642,1.5,12.543,13.9
31.662,1.4961,12.567,13.9
31.683,1.4925,12.591,13.9
31.701,1.4888,12.615,13.361
31.722,1.4853,12.639,13.361
31.742,1.4819,12.664,13.361
31.762,1.4785,12.688,13.361
31.781,1.4753,12.712,13.361
31.802,1.4722,12.736,13.361
31.822,1.4691,12.76,12.6
31.844,1.4661,12.784,12.6
31.863,1.4633,12.808,12.6
31.882,1.4605,12.832,12.6
31.902,1.458,12.856,12.6
31.921,1.4555,12.88,12.6
31.942,1.4531,12.904,13.529
31.962,1.4508,12.928,13.529
31.981,1.4486,12.952,13.529
32.002,1.4465,12.976,13.529
32.022,1.4445,13,13.529
32.042,1.4427,13.024,10.735
32.062,1.4411,13.048,10.735
32.082,1.4397,13.072,10.735
32.102,1.4383,13.096,10.735
32.122,1.4373,13.12,10.735
32.142,1.4362,13.144,10.735
32.162,1.4355,13.168,14.456
32.182,1.4347,13.192,14.456
32.202,1.4341,13.216,14.456
32.221,1.4338,13.239,14.456
32.241,1.4336,13.263,14.456
32.262,1.4336,13.287,14.456
32.282,1.4336,13.311,14.154
32.302,1.4338,13.335,14.154
32.321,1.4341,13.358,14.154
32.342,1.4348,13.382,14.154
32.362,1.4354,13.406,14.154
32.383,1.4362,13.429,12.62
32.402,1.4373,13.453,12.62
32.422,1.4385,13.477,12.62
32.441,1.44,13.5,12.62
32.461,1.4416,13.524,12.62
32.481,1.4432,13.548,12.62
32.502,1.445,13.571,10.511
32.522,1.4471,13.595,10.511
32.542,1.4493,13.618,10.511
32.561,1.4519,13.642,10.511
32.581,1.4546,13.665,10.511
32.602,1.4572,13.689,10.511
32.621,1.4603,13.713,11.989
32.642,1.4635,13.736,11.989
32.662,1.467,13.76,11.989
32.682,1.4706,13.783,11.989
32.702,1.4742,13.807,11.989
32.721,1.4782,13.83,11.629
32.741,1.4823,13.853,11.629
32.761,1.4867,13.877,11.629
32.782,1.4913,13.9,11.629
32.802,1.4958,13.924,11.629
32.822,1.5008,13.947,11.629
32.842,1.5057,13.97,11.664
32.862,1.5111,13.993,11.664
32.882,1.5164,14.017,11.664
32.902,1.5218,14.04,11.664
32.922,1.5274,14.063,11.664
32.942,1.5331,14.086,11.664
32.962,1.5394,14.11,11.762
32.981,1.5456,14.133,11.762
33.001,1.5519,14.156,11.762
33.021,1.5585,14.179,11.762
33.041,1.5651,14.202,11.762
33.062,1.5721,14.225,11.039
33.081,1.5791,14.248,11.039
33.102,1.5862,14.271,11.039
33.121,1.5934,14.295,11.039
33.141,1.6011,14.318,11.039
33.162,1.6088,14.341,11.039
33.181,1.6166,14.364,14.198
33.202,1.6247,14.387,14.198
33.221,1.6329,14.41,14.198
33.242,1.6415,14.433,14.198
33.262,1.6503,14.456,14.198
33.281,1.6591,14.479,14.198
33.302,1.6679,14.502,9.854
33.322,1.6769,14.525,9.854
33.341,1.6859,14.548,9.854
33.362,1.6954,14.571,9.854
33.382,1.7049,14.595,9.854
33.402,1.7144,14.618,10.07
33.421,1.7244,14.641,10.07
33.442,1.7345,14.664,10.07
33.462,1.745,14.687,10.07
33.481,1.7555,14.71,10.07
33.502,1.7662,14.733,10.07
33.522,1.7773,14.756,11.924
33.541,1.7883,14.778,11.924
33.562,1.8,14.801,11.924
33.581,1.8117,14.824,11.924
33.602,1.8235,14.847,11.924
33.622,1.8357,14.87,9.46
33.643,1.8479,14.893,9.46
33.662,1.8606,14.916,9.46
33.681,1.8733,14.938,9.46
33.701,1.886,14.961,9.46
33.721,1.899,14.984,9.46
33.742,1.9121,15.007,12.887
33.762,1.9255,15.03,12.887
33.782,1.939,15.052,12.887
33.802,1.9525,15.075,12.887
33.822,1.9662,15.098,12.887
33.842,1.98,15.12,12.887
33.862,1.9939,15.143,10.894
33.882,2.0077,15.166,10.894
33.902,2.0218,15.189,10.894
33.922,2.0359,15.211,10.894
33.942,2.0501,15.234,10.894
33.962,2.0642,15.256,9.617
33.982,2.0784,15.279,9.617
34.002,2.0927,15.301,9.617
34.021,2.107,15.324,9.617
34.041,2.1215,15.346,9.617
34.062,2.136,15.369,9.617
34.081,2.1505,15.391,13.269
34.102,2.1652,15.414,13.269
34.121,2.1801,15.436,13.269
34.142,2.1949,15.459,13.269
34.162,2.21,15.481,13.269
34.181,2.225,15.503,10.704
34.201,2.24,15.526,10.704
34.221,2.2553,15.548,10.704
34.242,2.2706,15.571,10.704
34.262,2.286,15.593,10.704
34.281,2.3014,15.615,10.704
34.302,2.3168,15.637,10.644
34.321,2.3324,15.66,10.644
34.341,2.3479,15.682,10.644
34.362,2.3635,15.704,10.644
34.383,2.3792,15.726,10.644
34.402,2.3951,15.748,10.644
34.422,2.411,15.771,11.201
34.441,2.4271,15.793,11.201
34.462,2.4433,15.815,11.201
34.482,2.4595,15.837,11.201
34.502,2.4759,15.859,11.201
34.522,2.4923,15.881,10.524
34.541,2.5088,15.903,10.524
34.561,2.5254,15.925,10.524
34.582,2.5421,15.947,10.524
34.602,2.5587,15.969,10.524
34.623,2.5756,15.991,10.524
34.642,2.5925,16.013,10.311
34.662,2.6096,16.035,10.311
34.681,2.6265,16.056,10.311
34.701,2.6437,16.078,10.311
34.722,2.6608,16.1,10.311
34.742,2.6782,16.122,10.506
34.762,2.6956,16.144,10.506
34.782,2.7129,16.166,10.506
34.802,2.7305,16.188,10.506
34.821,2.748,16.21,10.506
34.842,2.7658,16.232,10.506
34.862,2.7835,16.242,12.897
34.881,2.8012,16.253,12.897
34.902,2.819,16.263,12.897
34.921,2.8369,16.274,12.897
34.942,2.855,16.285,12.897
34.961,2.873,16.295,12.897
34.982,2.891,16.306,9.657
35.002,2.9091,16.317,9.657
35.022,2.9275,16.327,9.657
35.042,2.9458,16.338,9.657
35.062,2.9642,16.349,9.657
35.082,2.9825,16.36,8.509
35.101,3.0008,16.371,8.509
35.121,3.0192,16.381,8.509
35.142,3.0376,16.392,8.509
35.162,3.0562,16.403,8.509
35.183,3.0747,16.414,8.509
35.202,3.0932,16.425,12.073
35.222,3.1119,16.436,12.073
35.241,3.1306,16.447,12.073
35.262,3.1493,16.458,12.073
35.282,3.1678,16.469,12.073
35.302,3.1865,16.48,12.073
35.322,3.2054,16.491,9.212
35.342,3.2242,16.502,9.212
35.363,3.2431,16.513,9.212
35.381,3.2616,16.524,9.212
35.402,3.2803,16.535,9.212
35.421,3.2992,16.546,9.542
35.442,3.3184,16.557,9.542
35.462,3.3371,16.568,9.542
35.481,3.3559,16.579,9.542
35.502,3.3747,16.591,9.542
35.522,3.3936,16.602,9.542
35.542,3.4127,16.613,9.671
35.562,3.4315,16.624,9.671
35.582,3.4503,16.635,9.671
35.601,3.4689,16.647,9.671
35.622,3.4876,16.658,9.671
35.642,3.5064,16.669,8.722
35.662,3.5254,16.68,8.722
35.681,3.5443,16.692,8.722
35.701,3.5628,16.703,8.722
35.721,3.5816,16.714,8.722
35.742,3.6004,16.726,8.722
35.761,3.6193,16.737,11.037
35.781,3.6382,16.748,11.037
35.801,3.6567,16.76,11.037
35.821,3.6754,16.771,11.037
35.842,3.6943,16.783,11.037
35.862,3.7133,16.794,11.037
35.881,3.7323,16.806,11.249
35.901,3.7507,16.817,11.249
35.921,3.7693,16.828,11.249
35.942,3.7881,16.84,11.249
35.961,3.807,16.852,11.249
35.981,3.8258,16.863,11.249
36.002,3.8442,16.875,9.804
36.022,3.8628,16.886,9.804
36.042,3.8815,16.898,9.804
36.062,3.9002,16.909,9.804
36.081,3.9182,16.921,9.804
36.102,3.9365,16.932,9.085
36.122,3.955,16.944,9.085
36.142,3.9731,16.956,9.085
36.162,3.9911,16.967,9.085
36.182,4.0089,16.979,9.085
36.202,4.0264,16.991,9.085
36.221,4.044,17.002,10.273
36.242,4.0616,17.014,10.273
36.261,4.0792,17.026,10.273
36.282,4.0967,17.037,10.273
36.302,4.1137,17.049,10.273
36.322,4.1309,17.061,10.273
36.342,4.1481,17.072,9.641
36.362,4.1649,17.084,9.641
36.382,4.1816,17.096,9.641
36.402,4.1982,17.108,9.641
36.421,4.2148,17.119,9.641
36.441,4.2316,17.131,8.767
36.463,4.2479,17.143,8.767
36.482,4.2642,17.155,8.767
36.503,4.2801,17.167,8.767
36.522,4.296,17.178,8.767
36.542,4.312,17.19,8.767
36.562,4.3276,17.202,9.631
36.583,4.3431,17.214,9.631
36.602,4.3584,17.226,9.631
36.622,4.3738,17.237,9.631
36.641,4.3892,17.249,9.631
36.663,4.4043,17.261,9.631
36.682,4.4195,17.273,11.489
36.702,4.4343,17.285,11.489
36.721,4.4492,17.296,11.489
36.741,4.4641,17.308,11.489
36.761,4.479,17.32,11.489
36.782,4.4938,17.332,9.469
36.802,4.5085,17.343,9.469
36.822,4.5232,17.355,9.469
36.842,4.5378,17.367,9.469
36.862,4.5525,17.379,9.469
36.882,4.5671,17.391,9.469
36.902,4.5817,17.403,9.621
36.921,4.5964,17.414,9.621
36.942,4.6112,17.426,9.621
36.962,4.626,17.438,9.621
36.981,4.6405,17.45,9.621
37.002,4.6552,17.462,9.819
37.021,4.6699,17.474,9.819
37.042,4.6845,17.486,9.819
37.062,4.6989,17.498,9.819
37.082,4.7134,17.509,9.819
37.102,4.7277,17.521,9.819
37.122,4.7422,17.533,8.789
37.142,4.7568,17.545,8.789
37.162,4.7712,17.557,8.789
37.181,4.7856,17.569,8.789
37.202,4.7999,17.58,8.789
37.222,4.8143,17.592,8.789
37.242,4.8287,17.604,8.579
37.262,4.8432,17.616,8.579
37.282,4.8576,17.628,8.579
37.302,4.8719,17.64,8.579
37.322,4.8864,17.651,8.579
37.342,4.9007,17.663,8.579
37.363,4.915,17.675,12.718
37.381,4.9292,17.687,12.718
37.402,4.9434,17.699,12.718
37.422,4.9576,17.711,12.718
37.441,4.9719,17.722,12.718
37.463,4.9861,17.734,12.718
37.482,5.0003,17.746,8.893
37.501,5.0143,17.758,8.893
37.521,5.0284,17.77,8.893
37.542,5.0427,17.782,8.893
37.563,5.0567,17.794,8.893
37.582,5.0708,17.805,8.893
37.601,5.0848,17.817,10.432
37.621,5.0988,17.829,10.432
37.641,5.1128,17.841,10.432
37.662,5.1269,17.853,10.432
37.682,5.1406,17.865,10.432
37.702,5.1545,17.876,10.178
37.722,5.1685,17.888,10.178
37.742,5.1822,17.9,10.178
37.763,5.1959,17.912,10.178
37.782,5.2093,17.924,10.178
37.802,5.223,17.936,10.178
37.822,5.2367,17.947,10.298
37.841,5.2505,17.959,10.298
37.862,5.2644,17.971,10.298
37.882,5.2779,17.983,10.298
37.901,5.2915,17.995,10.298
37.921,5.3052,18.007,9.931
37.942,5.3186,18.019,9.931
37.962,5.332,18.031,9.931
37.982,5.3454,18.043,9.931
38.002,5.3586,18.055,9.931
38.021,5.372,18.066,9.931
38.042,5.3853,18.078,8.019
38.062,5.3985,18.09,8.019
38.082,5.4118,18.102,8.019
38.102,5.4247,18.114,8.019
38.121,5.4377,18.126,8.019
38.141,5.4508,18.138,8.019
38.163,5.4639,18.15,9.289
38.182,5.4767,18.162,9.289
38.202,5.4895,18.174,9.289
38.222,5.497,18.185,9.289
38.242,5.5044,18.197,9.289
38.262,5.5117,18.209,7.264
38.282,5.5187,18.221,7.264
38.301,5.5259,18.233,7.264
38.322,5.5331,18.245,7.264
38.342,5.5403,18.257,7.264
38.362,5.5474,18.268,7.264
38.382,5.5543,18.28,8.203
38.402,5.5613,18.292,8.203
38.422,5.5683,18.304,8.203
38.442,5.5751,18.316,8.203
38.462,5.5819,18.328,8.203
38.483,5.5884,18.34,8.203
38.502,5.5951,18.352,9.274
38.522,5.6018,18.364,9.274
38.542,5.6084,18.376,9.274
38.562,5.6152,18.388,9.274
38.581,5.6218,18.4,9.274
38.602,5.6279,18.412,9.274
38.622,5.6341,18.423,10.306
38.642,5.6404,18.435,10.306
38.662,5.6465,18.447,10.306
38.682,5.6527,18.459,10.306
38.702,5.6584,18.471,10.306
38.722,5.6642,18.483,8.985
38.742,5.6701,18.494,8.985
38.763,5.676,18.506,8.985
38.782,5.6817,18.518,8.985
38.802,5.687,18.53,8.985
38.821,5.6924,18.542,8.985
38.843,5.6979,18.554,8.14
38.863,5.7033,18.566,8.14
38.882,5.7085,18.578,8.14
38.902,5.7133,18.589,8.14
38.922,5.7182,18.601,8.14
38.942,5.7233,18.613,7.436
38.962,5.7282,18.625,7.436
38.981,5.7329,18.637,7.436
39.002,5.7377,18.648,7.436
39.022,5.7426,18.66,7.436
39.042,5.7472,18.672,7.436
39.062,5.7517,18.684,7.836
39.082,5.7562,18.696,7.836
39.102,5.7608,18.708,7.836
39.122,5.7654,18.719,7.836
39.143,5.77,18.731,7.836
39.163,5.7746,18.743,7.836
